{
    "instances": [
        {
            "domain": "le",
            "tag": "nextbike-leipzig",
            "city_uid": 1,
            "meta": {
                "city": "Leipzig",
                "country": "DE",
                "latitude": 51.3415,
                "longitude": 12.3625
            }
        },
        {
            "domain": "dx",
            "tag": "mobibike-dresden",
            "city_uid": 685,
            "meta": {
                "name": "MOBIbike",
                "city": "Dresden",
                "country": "DE",
                "latitude": 51.0535,
                "longitude": 13.7387
            }
        },
        {
            "domain": "nb",
            "tag": "norisbike-nurnberg",
            "city_uid": 6,
            "meta": {
                "name": "NorisBike",
                "city": "Nürnberg",
                "country": "DE",
                "latitude": 49.4479,
                "longitude": 11.0814
            }
        },
        {
            "domain": "de",
            "tag": "nextbike-wiesbaden",
            "city_uid": 7,
            "meta": {
                "city": "Wiesbaden",
                "country": "DE",
                "latitude": 50.0709,
                "longitude": 8.24322
            }
        },
        {
            "domain": "ff",
            "tag": "visa-frankfurt",
            "city_uid": 8,
            "meta": {
                "name": "VISA",
                "city": "Frankfurt",
                "country": "DE",
                "latitude": 50.1072,
                "longitude": 8.66375
            }
        },
        {
            "domain": "kg",
            "tag": "kvb-rad-koln",
            "city_uid": 14,
            "meta": {
                "name": "KVB Rad",
                "city": "Köln",
                "country": "DE",
                "latitude": 50.9429,
                "longitude": 6.95649
            }
        },
        {
            "domain": "fg",
            "tag": "facherrad-karlsruhe",
            "city_uid": 21,
            "meta": {
                "name": "Fächerrad",
                "city": "Karlsruhe",
                "country": "DE",
                "latitude": 49.0102,
                "longitude": 8.41827
            }
        },
        {
            "domain": "na",
            "tag": "burgenland-neusiedler-see",
            "city_uid": 23,
            "meta": {
                "name": "Burgenland",
                "city": "Neusiedler See",
                "country": "AT",
                "latitude": 47.839,
                "longitude": 16.761
            }
        },
        {
            "domain": "de",
            "tag": "nextbike-offenbach-am-main",
            "city_uid": 32,
            "meta": {
                "city": "Offenbach am Main",
                "country": "DE",
                "latitude": 50.1093,
                "longitude": 8.73825
            }
        },
        {
            "domain": "nz",
            "tag": "nextbike-auckland",
            "city_uid": 34,
            "meta": {
                "city": "Auckland",
                "country": "NZ",
                "latitude": -36.8603,
                "longitude": 174.763
            }
        },
        {
            "domain": "de",
            "tag": "nextbike-magdeburg",
            "city_uid": 42,
            "meta": {
                "city": "Magdeburg",
                "country": "DE",
                "latitude": 52.1268,
                "longitude": 11.6342
            }
        },
        {
            "domain": "de",
            "tag": "nextbike-hamburg",
            "city_uid": 43,
            "meta": {
                "city": "Hamburg",
                "country": "DE",
                "latitude": 53.5506,
                "longitude": 9.99052
            }
        },
        {
            "domain": "de",
            "tag": "nextbike-dusseldorf",
            "city_uid": 50,
            "meta": {
                "city": "Düsseldorf",
                "country": "DE",
                "latitude": 51.2243,
                "longitude": 6.77204
            }
        },
        {
            "domain": "la",
            "tag": "nextbike-stpolten",
            "city_uid": 57,
            "meta": {
                "city": "St.Pölten",
                "country": "AT",
                "latitude": 48.2058,
                "longitude": 15.6232
            }
        },
        {
            "domain": "la",
            "tag": "nextbike-modling",
            "city_uid": 64,
            "meta": {
                "city": "Mödling",
                "country": "AT",
                "latitude": 48.1047,
                "longitude": 16.3202
            }
        },
        {
            "domain": "ch",
            "tag": "nextbike-sursee",
            "city_uid": 88,
            "meta": {
                "city": "Sursee",
                "country": "CH",
                "latitude": 47.1713,
                "longitude": 8.10877
            }
        },
        {
            "domain": "de",
            "tag": "nextbike-tubingen",
            "city_uid": 101,
            "meta": {
                "city": "Tübingen",
                "country": "DE",
                "latitude": 48.5203,
                "longitude": 9.05591
            }
        },
        {
            "domain": "ch",
            "tag": "nextbike-luzern",
            "city_uid": 126,
            "meta": {
                "city": "Luzern",
                "country": "CH",
                "latitude": 47.0472,
                "longitude": 8.30446
            }
        },
        {
            "domain": "lv",
            "tag": "sixt-riga",
            "city_uid": 128,
            "meta": {
                "name": "SiXT",
                "city": "Rīga",
                "country": "LV",
                "latitude": 56.9453,
                "longitude": 24.1033
            }
        },
        {
            "domain": "mr",
            "tag": "metropolradruhr-dortmund",
            "city_uid": 129,
            "meta": {
                "name": "metropolradruhr",
                "city": "Dortmund",
                "country": "DE",
                "latitude": 51.5141,
                "longitude": 7.46255
            }
        },
        {
            "domain": "mr",
            "tag": "metropolradruhr-bochum",
            "city_uid": 130,
            "meta": {
                "name": "metropolradruhr",
                "city": "Bochum",
                "country": "DE",
                "latitude": 51.4813,
                "longitude": 7.2133
            }
        },
        {
            "domain": "mr",
            "tag": "metropolradruhr-bottrop",
            "city_uid": 131,
            "meta": {
                "name": "metropolradruhr",
                "city": "Bottrop",
                "country": "DE",
                "latitude": 51.5263,
                "longitude": 6.94611
            }
        },
        {
            "domain": "mr",
            "tag": "metropolradruhr-duisburg",
            "city_uid": 132,
            "meta": {
                "name": "metropolradruhr",
                "city": "Duisburg",
                "country": "DE",
                "latitude": 51.4487,
                "longitude": 6.77513
            }
        },
        {
            "domain": "mr",
            "tag": "metropolradruhr-essen",
            "city_uid": 133,
            "meta": {
                "name": "metropolradruhr",
                "city": "Essen",
                "country": "DE",
                "latitude": 51.4425,
                "longitude": 7.02301
            }
        },
        {
            "domain": "mr",
            "tag": "metropolradruhr-gelsenkirchen",
            "city_uid": 134,
            "meta": {
                "name": "metropolradruhr",
                "city": "Gelsenkirchen",
                "country": "DE",
                "latitude": 51.5404,
                "longitude": 7.07039
            }
        },
        {
            "domain": "mr",
            "tag": "metropolradruhr-hamm",
            "city_uid": 135,
            "meta": {
                "name": "metropolradruhr",
                "city": "Hamm",
                "country": "DE",
                "latitude": 51.6775,
                "longitude": 7.84836
            }
        },
        {
            "domain": "mr",
            "tag": "metropolradruhr-herne",
            "city_uid": 136,
            "meta": {
                "name": "metropolradruhr",
                "city": "Herne",
                "country": "DE",
                "latitude": 51.5363,
                "longitude": 7.21493
            }
        },
        {
            "domain": "mr",
            "tag": "metropolradruhr-mulheim-adr",
            "city_uid": 137,
            "meta": {
                "name": "metropolradruhr",
                "city": "Mülheim a.d.R.",
                "country": "DE",
                "latitude": 51.4308,
                "longitude": 6.87401
            }
        },
        {
            "domain": "mr",
            "tag": "metropolradruhr-oberhausen",
            "city_uid": 138,
            "meta": {
                "name": "metropolradruhr",
                "city": "Oberhausen",
                "country": "DE",
                "latitude": 51.4936,
                "longitude": 6.85169
            }
        },
        {
            "domain": "de",
            "tag": "nextbike-munchen",
            "city_uid": 139,
            "meta": {
                "city": "München",
                "country": "DE",
                "latitude": 48.1358,
                "longitude": 11.5356
            }
        },
        {
            "domain": "lv",
            "tag": "sixt-jurmala",
            "city_uid": 140,
            "meta": {
                "name": "SiXT",
                "city": "Jūrmala",
                "country": "LV",
                "latitude": 56.9732,
                "longitude": 23.8225
            }
        },
        {
            "domain": "la",
            "tag": "nextbike-wachau",
            "city_uid": 142,
            "meta": {
                "city": "Wachau",
                "country": "AT",
                "latitude": 48.3188,
                "longitude": 15.4166
            }
        },
        {
            "domain": "la",
            "tag": "nextbike-tulln",
            "city_uid": 143,
            "meta": {
                "city": "Tulln",
                "country": "AT",
                "latitude": 48.3269,
                "longitude": 16.0569
            }
        },
        {
            "domain": "la",
            "tag": "nextbike-triestingtal",
            "city_uid": 144,
            "meta": {
                "city": "Triestingtal",
                "country": "AT",
                "latitude": 47.9421,
                "longitude": 16.1149
            }
        },
        {
            "domain": "la",
            "tag": "nextbike-thermenregion",
            "city_uid": 146,
            "meta": {
                "city": "Thermenregion",
                "country": "AT",
                "latitude": 47.9892,
                "longitude": 16.2646
            }
        },
        {
            "domain": "de",
            "tag": "nextbike-flensburg",
            "city_uid": 147,
            "meta": {
                "city": "Flensburg",
                "country": "DE",
                "latitude": 54.7804,
                "longitude": 9.43571
            }
        },
        {
            "domain": "pl",
            "tag": "wrm-wroclaw",
            "city_uid": 148,
            "meta": {
                "name": "WRM",
                "city": "Wrocław",
                "country": "PL",
                "latitude": 51.1097,
                "longitude": 17.0485
            }
        },
        {
            "domain": "la",
            "tag": "nextbike-romerland",
            "city_uid": 149,
            "meta": {
                "city": "Römerland",
                "country": "AT",
                "latitude": 48.0909,
                "longitude": 16.853
            }
        },
        {
            "domain": "de",
            "tag": "nextbike-offenburg",
            "city_uid": 155,
            "meta": {
                "city": "Offenburg",
                "country": "DE",
                "latitude": 48.4721,
                "longitude": 7.94243
            }
        },
        {
            "domain": "la",
            "tag": "nextbike-wrneustadt",
            "city_uid": 156,
            "meta": {
                "city": "Wr.Neustadt",
                "country": "AT",
                "latitude": 47.8167,
                "longitude": 16.2426
            }
        },
        {
            "domain": "de",
            "tag": "nextbike-potsdam",
            "city_uid": 158,
            "meta": {
                "city": "Potsdam",
                "country": "DE",
                "latitude": 52.3997,
                "longitude": 13.0676
            }
        },
        {
            "domain": "de",
            "tag": "nextbike-gutersloh",
            "city_uid": 160,
            "meta": {
                "city": "Gütersloh",
                "country": "DE",
                "latitude": 51.9049,
                "longitude": 8.39275
            }
        },
        {
            "domain": "la",
            "tag": "nextbike-unteres-traisental",
            "city_uid": 165,
            "meta": {
                "city": "Unteres Traisental",
                "country": "AT",
                "latitude": 48.1111,
                "longitude": 15.8176
            }
        },
        {
            "domain": "la",
            "tag": "nextbike-haag",
            "city_uid": 167,
            "meta": {
                "city": "Haag",
                "country": "AT",
                "latitude": 48.0643,
                "longitude": 14.7368
            }
        },
        {
            "domain": "la",
            "tag": "nextbike-marchfeld",
            "city_uid": 170,
            "meta": {
                "city": "Marchfeld",
                "country": "AT",
                "latitude": 48.2407,
                "longitude": 16.9093
            }
        },
        {
            "domain": "la",
            "tag": "nextbike-10vorwien",
            "city_uid": 174,
            "meta": {
                "city": "10vorWien",
                "country": "AT",
                "latitude": 48.3403,
                "longitude": 16.279
            }
        },
        {
            "domain": "ur",
            "tag": "usedomrad-usedom",
            "city_uid": 176,
            "meta": {
                "name": "UsedomRad",
                "city": "Usedom",
                "country": "DE",
                "latitude": 53.9779,
                "longitude": 13.9925
            }
        },
        {
            "domain": "de",
            "tag": "nextbike-norderstedt",
            "city_uid": 177,
            "meta": {
                "city": "Norderstedt",
                "country": "DE",
                "latitude": 53.6969,
                "longitude": 10.002
            }
        },
        {
            "domain": "ag",
            "tag": "swa-rad-augsburg",
            "city_uid": 178,
            "meta": {
                "name": "SWA Rad",
                "city": "Augsburg",
                "country": "DE",
                "latitude": 48.3647,
                "longitude": 10.8916
            }
        },
        {
            "domain": "la",
            "tag": "nextbike-traisen-golsental",
            "city_uid": 180,
            "meta": {
                "city": "Traisen-Gölsental",
                "country": "AT",
                "latitude": 47.9439,
                "longitude": 15.639
            }
        },
        {
            "domain": "la",
            "tag": "nextbike-lunz-am-see",
            "city_uid": 181,
            "meta": {
                "city": "Lunz am See",
                "country": "AT",
                "latitude": 47.8618,
                "longitude": 15.0348
            }
        },
        {
            "domain": "nk",
            "tag": "nextbike-konya",
            "city_uid": 183,
            "meta": {
                "city": "Konya",
                "country": "TR",
                "latitude": 37.8715,
                "longitude": 32.4957
            }
        },
        {
            "domain": "la",
            "tag": "nextbike-laa-an-der-thaya",
            "city_uid": 184,
            "meta": {
                "city": "Laa an der Thaya",
                "country": "AT",
                "latitude": 48.7196,
                "longitude": 16.3878
            }
        },
        {
            "domain": "la",
            "tag": "nextbike-sudheide",
            "city_uid": 185,
            "meta": {
                "city": "Südheide",
                "country": "AT",
                "latitude": 48.1077,
                "longitude": 16.3937
            }
        },
        {
            "domain": "cy",
            "tag": "nextbike-limassol",
            "city_uid": 190,
            "meta": {
                "city": "Limassol",
                "country": "CY",
                "latitude": 34.6823,
                "longitude": 33.0464
            }
        },
        {
            "domain": "pb",
            "tag": "prm-poznan",
            "city_uid": 192,
            "meta": {
                "name": "PRM",
                "city": "Poznań",
                "country": "PL",
                "latitude": 52.4077,
                "longitude": 16.9323
            }
        },
        {
            "domain": "nz",
            "tag": "nextbike-christchurch",
            "city_uid": 193,
            "meta": {
                "city": "Christchurch",
                "country": "NZ",
                "latitude": -43.5341,
                "longitude": 172.621
            }
        },
        {
            "domain": "vn",
            "tag": "vrn-heidelberg",
            "city_uid": 194,
            "meta": {
                "name": "VRN",
                "city": "Heidelberg",
                "country": "DE",
                "latitude": 49.4023,
                "longitude": 8.67577
            }
        },
        {
            "domain": "vn",
            "tag": "vrn-mannheim",
            "city_uid": 195,
            "meta": {
                "name": "VRN",
                "city": "Mannheim",
                "country": "DE",
                "latitude": 49.4869,
                "longitude": 8.45638
            }
        },
        {
            "domain": "la",
            "tag": "nextbike-tullnerfeld-west",
            "city_uid": 196,
            "meta": {
                "city": "Tullnerfeld West",
                "country": "AT",
                "latitude": 48.2994,
                "longitude": 15.9065
            }
        },
        {
            "domain": "si",
            "tag": "stadtrad-innsbruck",
            "city_uid": 199,
            "meta": {
                "name": "Stadtrad",
                "city": "Innsbruck",
                "country": "AT",
                "latitude": 47.2632,
                "longitude": 11.3961
            }
        },
        {
            "domain": "ob",
            "tag": "opole-bike-opole",
            "city_uid": 202,
            "meta": {
                "name": "Opole Bike",
                "city": "Opole",
                "country": "PL",
                "latitude": 50.6633,
                "longitude": 17.9239
            }
        },
        {
            "domain": "cy",
            "tag": "nextbike-nicosia",
            "city_uid": 206,
            "meta": {
                "city": "Nicosia",
                "country": "CY",
                "latitude": 35.1728,
                "longitude": 33.3653
            }
        },
        {
            "domain": "vp",
            "tag": "veturilo-warszawa",
            "city_uid": 210,
            "meta": {
                "name": "VETURILO",
                "city": "Warszawa",
                "country": "PL",
                "latitude": 52.2265,
                "longitude": 21.0127
            }
        },
        {
            "domain": "la",
            "tag": "nextbike-hollabrunn",
            "city_uid": 212,
            "meta": {
                "city": "Hollabrunn",
                "country": "AT",
                "latitude": 48.562,
                "longitude": 16.0785
            }
        },
        {
            "domain": "la",
            "tag": "nextbike-wienerwald",
            "city_uid": 213,
            "meta": {
                "city": "WienerWald",
                "country": "AT",
                "latitude": 48.1926,
                "longitude": 16.141
            }
        },
        {
            "domain": "bg",
            "tag": "nextbike-dobrich",
            "city_uid": 215,
            "meta": {
                "city": "Dobrich",
                "country": "BG",
                "latitude": 43.567,
                "longitude": 27.8285
            }
        },
        {
            "domain": "me",
            "tag": "bykystations-uae-dubai",
            "city_uid": 219,
            "meta": {
                "name": "BYKYstations UAE",
                "city": "Dubai",
                "country": "AE",
                "latitude": 25.2435,
                "longitude": 55.2722
            }
        },
        {
            "domain": "hr",
            "tag": "nextbike-zagreb",
            "city_uid": 220,
            "meta": {
                "city": "Zagreb",
                "country": "HR",
                "latitude": 45.7984,
                "longitude": 15.9789
            }
        },
        {
            "domain": "eg",
            "tag": "ebikestation-bietigheim-bissingen",
            "city_uid": 226,
            "meta": {
                "name": "ebikestation",
                "city": "Bietigheim-Bissingen",
                "country": "DE",
                "latitude": 48.9495,
                "longitude": 9.12518
            }
        },
        {
            "domain": "uk",
            "tag": "nextbike-bath",
            "city_uid": 236,
            "meta": {
                "city": "Bath",
                "country": "GB",
                "latitude": 51.3793,
                "longitude": -2.35279
            }
        },
        {
            "domain": "gg",
            "tag": "nextbike-glasgow",
            "city_uid": 237,
            "meta": {
                "city": "Glasgow",
                "country": "GB",
                "latitude": 55.8589,
                "longitude": -4.25549
            }
        },
        {
            "domain": "bu",
            "tag": "belfastbikes-belfast",
            "city_uid": 238,
            "meta": {
                "name": "BelfastBikes",
                "city": "Belfast",
                "country": "GB",
                "latitude": 54.5969,
                "longitude": -5.92918
            }
        },
        {
            "domain": "uk",
            "tag": "nextbike-stirling",
            "city_uid": 243,
            "meta": {
                "city": "Stirling",
                "country": "GB",
                "latitude": 56.1165,
                "longitude": -3.9369
            }
        },
        {
            "domain": "bp",
            "tag": "biker-bialystok-bialystok",
            "city_uid": 245,
            "meta": {
                "name": "BIKER Białystok",
                "city": "Białystok",
                "country": "PL",
                "latitude": 53.2655,
                "longitude": 23.3343
            }
        },
        {
            "domain": "op",
            "tag": "krm-konstancinski-konstancin-jeziorna",
            "city_uid": 247,
            "meta": {
                "name": "KRM Konstanciński",
                "city": "Konstancin Jeziorna",
                "country": "PL",
                "latitude": 52.0759,
                "longitude": 21.1161
            }
        },
        {
            "domain": "bc",
            "tag": "grad-sibenik-sibenik",
            "city_uid": 248,
            "meta": {
                "name": "Grad Šibenik",
                "city": "Šibenik",
                "country": "HR",
                "latitude": 43.733,
                "longitude": 15.8982
            }
        },
        {
            "domain": "tr",
            "tag": "karbis-seferihisar",
            "city_uid": 249,
            "meta": {
                "name": "KARBIS",
                "city": "Seferihisar",
                "country": "TR",
                "latitude": 38.1962,
                "longitude": 26.8386
            }
        },
        {
            "domain": "ln",
            "tag": "lrm-lublin-lublin",
            "city_uid": 251,
            "meta": {
                "name": "LRM Lublin",
                "city": "Lublin",
                "country": "PL",
                "latitude": 51.2469,
                "longitude": 22.5697
            }
        },
        {
            "domain": "eg",
            "tag": "ebikestation-schwieberdingen",
            "city_uid": 253,
            "meta": {
                "name": "ebikestation",
                "city": "Schwieberdingen",
                "country": "DE",
                "latitude": 48.8723,
                "longitude": 9.07419
            }
        },
        {
            "domain": "pp",
            "tag": "healthy-ride-pittsburgh-pittsburgh",
            "city_uid": 254,
            "meta": {
                "name": "Healthy Ride",
                "city": "Pittsburgh",
                "country": "US",
                "latitude": 40.4459,
                "longitude": -79.9945
            }
        },
        {
            "domain": "gp",
            "tag": "grm-grodzisk-grodzisk-mazowiecki",
            "city_uid": 255,
            "meta": {
                "name": "GRM Grodzisk",
                "city": "Grodzisk Mazowiecki",
                "country": "PL",
                "latitude": 52.113,
                "longitude": 20.6265
            }
        },
        {
            "domain": "de",
            "tag": "nextbike-quickborn",
            "city_uid": 256,
            "meta": {
                "city": "Quickborn",
                "country": "DE",
                "latitude": 53.7333,
                "longitude": 9.90272
            }
        },
        {
            "domain": "nj",
            "tag": "jerseybike-hoboken",
            "city_uid": 258,
            "meta": {
                "name": "JerseyBike",
                "city": "Hoboken",
                "country": "US",
                "latitude": 40.7447,
                "longitude": -74.0341
            }
        },
        {
            "domain": "nj",
            "tag": "jerseybike-weehawken",
            "city_uid": 259,
            "meta": {
                "name": "JerseyBike",
                "city": "Weehawken",
                "country": "US",
                "latitude": 40.7683,
                "longitude": -74.0216
            }
        },
        {
            "domain": "sa",
            "tag": "ibike-king-abdullah-economic-city",
            "city_uid": 264,
            "meta": {
                "name": "iBike",
                "city": "King Abdullah Economic City",
                "country": "SA",
                "latitude": 22.4053,
                "longitude": 39.0815
            }
        },
        {
            "domain": "vn",
            "tag": "vrn-ludwigshafen",
            "city_uid": 266,
            "meta": {
                "name": "VRN",
                "city": "Ludwigshafen",
                "country": "DE",
                "latitude": 49.4741,
                "longitude": 8.43287
            }
        },
        {
            "domain": "eg",
            "tag": "ebikestation-waiblingen",
            "city_uid": 267,
            "meta": {
                "name": "ebikestation",
                "city": "Waiblingen",
                "country": "DE",
                "latitude": 48.8333,
                "longitude": 9.31667
            }
        },
        {
            "domain": "uk",
            "tag": "nextbike-university-of-warwick",
            "city_uid": 272,
            "meta": {
                "city": "Warwick",
                "country": "GB",
                "latitude": 52.3815,
                "longitude": -1.56159
            }
        },
        {
            "domain": "vn",
            "tag": "vrn-speyer",
            "city_uid": 278,
            "meta": {
                "name": "VRN",
                "city": "Speyer",
                "country": "DE",
                "latitude": 49.3126,
                "longitude": 8.45295
            }
        },
        {
            "domain": "nu",
            "tag": "nextbike-lviv",
            "city_uid": 280,
            "meta": {
                "city": "Lviv",
                "country": "UA",
                "latitude": 49.8402,
                "longitude": 24.0182
            }
        },
        {
            "domain": "nu",
            "tag": "nextbike-ivano-frankivsk",
            "city_uid": 525,
            "meta": {
                "city": "Ivano Frankivsk",
                "country": "UA",
                "latitude": 48.9281,
                "longitude": 24.7103
            }
        },
        {
            "domain": "de",
            "tag": "nextbike-wurzburg",
            "city_uid": 281,
            "meta": {
                "city": "Würzburg",
                "country": "DE",
                "latitude": 49.8,
                "longitude": 9.93333
            }
        },
        {
            "domain": "wb",
            "tag": "skybike-west-palm-beach-west-palm-beach-florida",
            "city_uid": 283,
            "meta": {
                "name": "Skybike",
                "city": "West Palm Beach Florida",
                "country": "US",
                "latitude": 26.7125,
                "longitude": -80.0821
            }
        },
        {
            "domain": "ta",
            "tag": "nextbike-serfaus",
            "city_uid": 286,
            "meta": {
                "city": "Serfaus",
                "country": "AT",
                "latitude": 47.0387,
                "longitude": 10.6048
            }
        },
        {
            "domain": "eg",
            "tag": "ebikestation-vaihingen-an-der-enz",
            "city_uid": 287,
            "meta": {
                "name": "ebikestation",
                "city": "Vaihingen an der Enz",
                "country": "DE",
                "latitude": 48.9334,
                "longitude": 8.96121
            }
        },
        {
            "domain": "eg",
            "tag": "ebikestation-herrenberg",
            "city_uid": 288,
            "meta": {
                "name": "ebikestation",
                "city": "Herrenberg",
                "country": "DE",
                "latitude": 48.595,
                "longitude": 8.86716
            }
        },
        {
            "domain": "eg",
            "tag": "ebikestation-goppingen",
            "city_uid": 289,
            "meta": {
                "name": "ebikestation",
                "city": "Göppingen",
                "country": "DE",
                "latitude": 48.7054,
                "longitude": 9.65125
            }
        },
        {
            "domain": "eg",
            "tag": "ebikestation-ludwigsburg",
            "city_uid": 290,
            "meta": {
                "name": "ebikestation",
                "city": "Ludwigsburg",
                "country": "DE",
                "latitude": 48.8941,
                "longitude": 9.19546
            }
        },
        {
            "domain": "gs",
            "tag": "grad-gospic-gospic",
            "city_uid": 291,
            "meta": {
                "name": "Grad Gospić",
                "city": "Gospić",
                "country": "HR",
                "latitude": 44.5469,
                "longitude": 15.375
            }
        },
        {
            "domain": "eg",
            "tag": "ebikestation-holzgerlingen",
            "city_uid": 292,
            "meta": {
                "name": "ebikestation",
                "city": "Holzgerlingen",
                "country": "DE",
                "latitude": 48.6388,
                "longitude": 9.0096
            }
        },
        {
            "domain": "eg",
            "tag": "ebikestation-filderstadt",
            "city_uid": 293,
            "meta": {
                "name": "ebikestation",
                "city": "Filderstadt",
                "country": "DE",
                "latitude": 48.6588,
                "longitude": 9.22585
            }
        },
        {
            "domain": "eg",
            "tag": "ebikestation-kirchheim-am-neckar",
            "city_uid": 294,
            "meta": {
                "name": "ebikestation",
                "city": "Kirchheim am Neckar",
                "country": "DE",
                "latitude": 49.04,
                "longitude": 9.14441
            }
        },
        {
            "domain": "eg",
            "tag": "ebikestation-schorndorf",
            "city_uid": 295,
            "meta": {
                "name": "ebikestation",
                "city": "Schorndorf",
                "country": "DE",
                "latitude": 48.8015,
                "longitude": 9.52962
            }
        },
        {
            "domain": "eg",
            "tag": "ebikestation-fellbach",
            "city_uid": 296,
            "meta": {
                "name": "ebikestation",
                "city": "Fellbach",
                "country": "DE",
                "latitude": 48.8166,
                "longitude": 9.27967
            }
        },
        {
            "domain": "eg",
            "tag": "ebikestation-remseck-am-neckar",
            "city_uid": 299,
            "meta": {
                "name": "ebikestation",
                "city": "Remseck am Neckar",
                "country": "DE",
                "latitude": 48.8767,
                "longitude": 9.26179
            }
        },
        {
            "domain": "mt",
            "tag": "nextbike-malta",
            "city_uid": 302,
            "meta": {
                "city": "Malta",
                "country": "MT",
                "latitude": 35.9192,
                "longitude": 14.4889
            }
        },
        {
            "domain": "kc",
            "tag": "grad-karlovac-karlovac",
            "city_uid": 305,
            "meta": {
                "name": "Grad Karlovac",
                "city": "Karlovac",
                "country": "HR",
                "latitude": 45.4905,
                "longitude": 15.5503
            }
        },
        {
            "domain": "ks",
            "tag": "flashfleet-kent-state-university-kent-state-university",
            "city_uid": 306,
            "meta": {
                "name": "Flashfleet Kent State University",
                "city": "Kent State",
                "country": "US",
                "latitude": 41.1492,
                "longitude": -81.3363
            }
        },
        {
            "domain": "sb",
            "tag": "grad-slavonski-brod-slavonski-brod",
            "city_uid": 308,
            "meta": {
                "name": "Grad Slavonski Brod",
                "city": "Slavonski Brod",
                "country": "HR",
                "latitude": 45.1656,
                "longitude": 18.0183
            }
        },
        {
            "domain": "uk",
            "tag": "nextbike-london",
            "city_uid": 318,
            "meta": {
                "city": "London",
                "country": "GB",
                "latitude": 51.4862,
                "longitude": -0.11966
            }
        },
        {
            "domain": "ku",
            "tag": "santander-cycles-mk-milton-keynes",
            "city_uid": 320,
            "meta": {
                "name": "Santander Cycles MK",
                "city": "Milton Keynes",
                "country": "GB",
                "latitude": 52.0406,
                "longitude": -0.759417
            }
        },
        {
            "domain": "me",
            "tag": "bykystations-uae-al-ain",
            "city_uid": 322,
            "meta": {
                "name": "BYKYstations UAE",
                "city": "Al Ain",
                "country": "AE",
                "latitude": 24.2989,
                "longitude": 54.6979
            }
        },
        {
            "domain": "ch",
            "tag": "nextbike-hergiswil",
            "city_uid": 323,
            "meta": {
                "city": "Hergiswil",
                "country": "CH",
                "latitude": 46.9905,
                "longitude": 8.30829
            }
        },
        {
            "domain": "ma",
            "tag": "grad-makarska-makarska",
            "city_uid": 324,
            "meta": {
                "name": "Grad Makarska",
                "city": "Makarska",
                "country": "HR",
                "latitude": 43.2992,
                "longitude": 17.0184
            }
        },
        {
            "domain": "br",
            "tag": "opcina-brinje-brinje",
            "city_uid": 325,
            "meta": {
                "name": "Općina Brinje",
                "city": "Brinje",
                "country": "HR",
                "latitude": 44.9977,
                "longitude": 15.1258
            }
        },
        {
            "domain": "zd",
            "tag": "grad-zadar-zadar",
            "city_uid": 327,
            "meta": {
                "name": "Grad Zadar",
                "city": "Zadar",
                "country": "HR",
                "latitude": 44.0058,
                "longitude": 15.2183
            }
        },
        {
            "domain": "vu",
            "tag": "grad-vukovar-vukovar",
            "city_uid": 328,
            "meta": {
                "city": "Vukovar",
                "country": "HR",
                "latitude": 45.3575,
                "longitude": 18.9895
            }
        },
        {
            "domain": "ol",
            "tag": "opcina-lastovo-lastovo",
            "city_uid": 329,
            "meta": {
                "name": "Općina Lastovo",
                "city": "Lastovo",
                "country": "HR",
                "latitude": 42.7626,
                "longitude": 16.8719
            }
        },
        {
            "domain": "lp",
            "tag": "lodzki-rower-publiczny-lodz",
            "city_uid": 330,
            "meta": {
                "name": "Łódzki Rower Publiczny",
                "city": "Lódź",
                "country": "PL",
                "latitude": 51.7689,
                "longitude": 19.4554
            }
        },
        {
            "domain": "ln",
            "tag": "lrm-lublin-swidnik",
            "city_uid": 331,
            "meta": {
                "name": "LRM Lublin",
                "city": "Świdnik",
                "country": "PL",
                "latitude": 51.2194,
                "longitude": 22.6988
            }
        },
        {
            "domain": "vn",
            "tag": "vrn-bensheim",
            "city_uid": 332,
            "meta": {
                "name": "VRN",
                "city": "Bensheim",
                "country": "DE",
                "latitude": 49.6803,
                "longitude": 8.6189
            }
        },
        {
            "domain": "ig",
            "tag": "grad-ivanic-grad-ivanic-grad",
            "city_uid": 337,
            "meta": {
                "name": "Grad Ivanić-Grad",
                "city": "Ivanic Grad",
                "country": "HR",
                "latitude": 45.7062,
                "longitude": 16.3919
            }
        },
        {
            "domain": "sw",
            "tag": "stalowa-wola-miasto-rowerow-stalowa-wola",
            "city_uid": 339,
            "meta": {
                "name": "Stalowa Wola miasto rowerów",
                "city": "Stalowa Wola",
                "country": "PL",
                "latitude": 50.57,
                "longitude": 22.0626
            }
        },
        {
            "domain": "kw",
            "tag": "katowice-bike-katowice",
            "city_uid": 342,
            "meta": {
                "name": "Katowice Bike",
                "city": "Katowice",
                "country": "PL",
                "latitude": 50.2594,
                "longitude": 19.0215
            }
        },
        {
            "domain": "sp",
            "tag": "bike-s-srm-szczecin",
            "city_uid": 346,
            "meta": {
                "name": "Bike_S SRM",
                "city": "Szczecin",
                "country": "PL",
                "latitude": 53.4301,
                "longitude": 14.5498
            }
        },
        {
            "domain": "ot",
            "tag": "ordu-bisikletli-ordu",
            "city_uid": 347,
            "meta": {
                "name": "Ordu Bisikletli",
                "city": "Ordu",
                "country": "TR",
                "latitude": 40.9702,
                "longitude": 37.8707
            }
        },
        {
            "domain": "ba",
            "tag": "nextbike-sarajevo",
            "city_uid": 350,
            "meta": {
                "city": "Sarajevo",
                "country": "BA",
                "latitude": 43.85,
                "longitude": 18.39
            }
        },
        {
            "domain": "eu",
            "tag": "co-bikes-exeter",
            "city_uid": 354,
            "meta": {
                "name": "Co-bikes",
                "city": "Exeter",
                "country": "GB",
                "latitude": 50.7272,
                "longitude": -3.53605
            }
        },
        {
            "domain": "mw",
            "tag": "rower-gminny-michalowice-michalowice",
            "city_uid": 359,
            "meta": {
                "name": "Rower Gminny Michałowice",
                "city": "Michałowice",
                "country": "PL",
                "latitude": 52.1679,
                "longitude": 20.8877
            }
        },
        {
            "domain": "nz",
            "tag": "nextbike-auckland-waterfront",
            "city_uid": 361,
            "meta": {
                "city": "Auckland Waterfront",
                "country": "NZ",
                "latitude": -36.841,
                "longitude": 174.763
            }
        },
        {
            "domain": "bn",
            "tag": "nextbike-berlin",
            "city_uid": 362,
            "meta": {
                "city": "Berlin",
                "country": "DE",
                "latitude": 52.5087,
                "longitude": 13.3563
            }
        },
        {
            "domain": "mp",
            "tag": "system-legnicki-rower-miejski-slrm-legnica",
            "city_uid": 363,
            "meta": {
                "name": "System Legnicki Rower Miejski (SLRM)",
                "city": "Legnica",
                "country": "PL",
                "latitude": 51.2059,
                "longitude": 16.1667
            }
        },
        {
            "domain": "aw",
            "tag": "nextbike-aruba",
            "city_uid": 366,
            "meta": {
                "city": "Aruba",
                "country": "AW",
                "latitude": 12.5137,
                "longitude": -69.9757
            }
        },
        {
            "domain": "nw",
            "tag": "nextbike-hyderabad",
            "city_uid": 367,
            "meta": {
                "city": "Hyderabad",
                "country": "IN",
                "latitude": 17.38,
                "longitude": 78.4725
            }
        },
        {
            "domain": "ee",
            "tag": "sixt-jalgrattarent-tallinn",
            "city_uid": 368,
            "meta": {
                "name": "SIXT jalgrattarent",
                "city": "Tallinn",
                "country": "EE",
                "latitude": 59.4325,
                "longitude": 24.7295
            }
        },
        {
            "domain": "vp",
            "tag": "veturilo-stacje-sponsorskie-nextbike-veturilo",
            "city_uid": 372,
            "meta": {
                "name": "Stacje Sponsorskie Nextbike Veturilo",
                "city": "Warszawa",
                "country": "PL",
                "latitude": 52.2265,
                "longitude": 21.0127
            }
        },
        {
            "domain": "bl",
            "tag": "bike4all-byblos",
            "city_uid": 375,
            "meta": {
                "name": "bike4all",
                "city": "Byblos",
                "country": "LB",
                "latitude": 34.1236,
                "longitude": 35.6511
            }
        },
        {
            "domain": "bi",
            "tag": "chartered-bike-bhopal-bhopal",
            "city_uid": 376,
            "meta": {
                "name": "Chartered Bike",
                "city": "Bhopal",
                "country": "IN",
                "latitude": 23.2467,
                "longitude": 77.411
            }
        },
        {
            "domain": "nw",
            "tag": "nextbike-rotterdam",
            "city_uid": 378,
            "meta": {
                "city": "Rotterdam",
                "country": "IN",
                "latitude": 51.9224,
                "longitude": 4.47265
            }
        },
        {
            "domain": "wk",
            "tag": "wk-bike-bremen-bremen",
            "city_uid": 379,
            "meta": {
                "name": "WK-Bike",
                "city": "Bremen",
                "country": "DE",
                "latitude": 53.0781,
                "longitude": 8.80132
            }
        },
        {
            "domain": "vn",
            "tag": "vrn-worms",
            "city_uid": 382,
            "meta": {
                "name": "VRN",
                "city": "Worms",
                "country": "DE",
                "latitude": 49.6394,
                "longitude": 8.34618
            }
        },
        {
            "domain": "ch",
            "tag": "nextbike-stans",
            "city_uid": 383,
            "meta": {
                "city": "Stans",
                "country": "CH",
                "latitude": 46.9593,
                "longitude": 8.36836
            }
        },
        {
            "domain": "ca",
            "tag": "nextbike-victoria",
            "city_uid": 385,
            "meta": {
                "city": "Victoria",
                "country": "CA",
                "latitude": 48.4298,
                "longitude": -123.361
            }
        },
        {
            "domain": "nl",
            "tag": "nextbike-maastricht",
            "city_uid": 387,
            "meta": {
                "city": "Maastricht",
                "country": "NL",
                "latitude": 50.8514,
                "longitude": 5.69129
            }
        },
        {
            "domain": "ch",
            "tag": "nextbike-stansstad",
            "city_uid": 388,
            "meta": {
                "city": "Stansstad",
                "country": "CH",
                "latitude": 46.9801,
                "longitude": 8.34098
            }
        },
        {
            "domain": "bk",
            "tag": "byky-bikes-kuwait",
            "city_uid": 390,
            "meta": {
                "name": "BYKY Bikes",
                "city": "Kuwait",
                "country": "KW",
                "latitude": 29.3632,
                "longitude": 47.487
            }
        },
        {
            "domain": "ch",
            "tag": "nextbike-horw",
            "city_uid": 391,
            "meta": {
                "city": "Horw",
                "country": "CH",
                "latitude": 47.0188,
                "longitude": 8.30828
            }
        },
        {
            "domain": "vn",
            "tag": "vrn-burstadt",
            "city_uid": 392,
            "meta": {
                "name": "VRN",
                "city": "Bürstadt",
                "country": "DE",
                "latitude": 49.6461,
                "longitude": 8.44917
            }
        },
        {
            "domain": "gm",
            "tag": "gliwicki-rower-miejski-sgrm-gliwice",
            "city_uid": 393,
            "meta": {
                "name": "Gliwicki Rower Miejski (SGRM)",
                "city": "Gliwice",
                "country": "PL",
                "latitude": 50.2918,
                "longitude": 18.669
            }
        },
        {
            "domain": "pb",
            "tag": "prm-stacje-sponsorskie-nextbike-prm",
            "city_uid": 394,
            "meta": {
                "name": "Stacje Sponsorskie Nextbike PRM",
                "city": "Poznań",
                "country": "PL",
                "latitude": 52.4077,
                "longitude": 16.9323
            }
        },
        {
            "domain": "la",
            "tag": "nextbike-gross-enzersdorf",
            "city_uid": 395,
            "meta": {
                "city": "Groß Enzersdorf",
                "country": "AT",
                "latitude": 48.1986,
                "longitude": 16.5496
            }
        },
        {
            "domain": "ka",
            "tag": "nextbike-klagenfurt",
            "city_uid": 396,
            "meta": {
                "city": "Klagenfurt",
                "country": "AT",
                "latitude": 46.6335,
                "longitude": 14.3085
            }
        },
        {
            "domain": "vn",
            "tag": "vrn-kaiserslautern",
            "city_uid": 398,
            "meta": {
                "name": "VRN",
                "city": "Kaiserslautern",
                "country": "DE",
                "latitude": 49.4413,
                "longitude": 7.75566
            }
        },
        {
            "domain": "rp",
            "tag": "radomski-rower-miejski-radom",
            "city_uid": 400,
            "meta": {
                "name": "Radomski Rower Miejski",
                "city": "Radom",
                "country": "PL",
                "latitude": 51.3994,
                "longitude": 21.1655
            }
        },
        {
            "domain": "rp",
            "tag": "radomski-rower-miejski-stacje-sponsorskie-radom",
            "city_uid": 401,
            "meta": {
                "name": "Stacje Sponsorskie Radom",
                "city": "Radom",
                "country": "PL",
                "latitude": 51.3994,
                "longitude": 21.1655
            }
        },
        {
            "domain": "vi",
            "tag": "smartbike-vijayawada-vijayawada",
            "city_uid": 402,
            "meta": {
                "name": "Smartbike Vijayawada",
                "city": "Vijayawada",
                "country": "IN",
                "latitude": 16.5109,
                "longitude": 80.6313
            }
        },
        {
            "domain": "el",
            "tag": "sitycleta-las-palmas-las-palmas-de-gran-canaria",
            "city_uid": 408,
            "meta": {
                "name": "Sitycleta",
                "city": "Las Palmas de Gran Canaria",
                "country": "ES",
                "latitude": 28.1236,
                "longitude": -15.4366
            }
        },
        {
            "domain": "ap",
            "tag": "system-rowerow-miejskich-w-pszczynie-pszczyna",
            "city_uid": 411,
            "meta": {
                "name": "System Rowerów Miejskich w Pszczynie",
                "city": "Pszczyna",
                "country": "PL",
                "latitude": 49.9757,
                "longitude": 18.9463
            }
        },
        {
            "domain": "zp",
            "tag": "zgierski-rower-miejski-zgierz",
            "city_uid": 412,
            "meta": {
                "name": "Zgierski Rower Miejski",
                "city": "Zgierz",
                "country": "PL",
                "latitude": 51.8602,
                "longitude": 19.4118
            }
        },
        {
            "domain": "pt",
            "tag": "tyski-rower-miejski-tychy",
            "city_uid": 413,
            "meta": {
                "name": "Tyski Rower Miejski",
                "city": "Tychy",
                "country": "PL",
                "latitude": 50.1304,
                "longitude": 18.9436
            }
        },
        {
            "domain": "la",
            "tag": "nextbike-amstetten",
            "city_uid": 414,
            "meta": {
                "city": "Amstetten",
                "country": "AT",
                "latitude": 48.1218,
                "longitude": 14.8774
            }
        },
        {
            "domain": "cg",
            "tag": "grad-velika-gorica-velika-gorica",
            "city_uid": 415,
            "meta": {
                "name": "Grad Velika Gorica",
                "city": "Velika Gorica",
                "country": "HR",
                "latitude": 45.7161,
                "longitude": 16.0683
            }
        },
        {
            "domain": "cs",
            "tag": "grad-sisak-sisak",
            "city_uid": 416,
            "meta": {
                "name": "Grad Sisak",
                "city": "Sisak",
                "country": "HR",
                "latitude": 45.4875,
                "longitude": 16.3753
            }
        },
        {
            "domain": "at",
            "tag": "nextbike-salzburg",
            "city_uid": 417,
            "meta": {
                "city": "Salzburg ",
                "country": "AT",
                "latitude": 47.8014,
                "longitude": 13.0458
            }
        },
        {
            "domain": "km",
            "tag": "ok-bike-kedzierzyn-kozle",
            "city_uid": 421,
            "meta": {
                "name": "OK Bike",
                "city": "Kędzierzyn-Koźle",
                "country": "PL",
                "latitude": 50.3421,
                "longitude": 18.2049
            }
        },
        {
            "domain": "kr",
            "tag": "kolobrzeski-rower-miejski-kolobrzeg",
            "city_uid": 422,
            "meta": {
                "name": "Kołobrzeski Rower Miejski",
                "city": "Kołobrzeg",
                "country": "PL",
                "latitude": 54.1762,
                "longitude": 15.5761
            }
        },
        {
            "domain": "sm",
            "tag": "siedlecki-rower-miejski-siedlce",
            "city_uid": 423,
            "meta": {
                "name": "Siedlecki Rower Miejski",
                "city": "Siedlce",
                "country": "PL",
                "latitude": 52.1668,
                "longitude": 22.2891
            }
        },
        {
            "domain": "cm",
            "tag": "grad-metkovic-metkovic",
            "city_uid": 424,
            "meta": {
                "name": "Grad Metković",
                "city": "Metković",
                "country": "HR",
                "latitude": 43.0654,
                "longitude": 17.642
            }
        },
        {
            "domain": "cj",
            "tag": "jastrebarsko-jastrebarsko",
            "city_uid": 425,
            "meta": {
                "city": "Jastrebarsko",
                "country": "HR",
                "latitude": 45.6692,
                "longitude": 15.6541
            }
        },
        {
            "domain": "gd",
            "tag": "grad-drnis-drnis",
            "city_uid": 426,
            "meta": {
                "city": "Drniš",
                "country": "HR",
                "latitude": 43.8425,
                "longitude": 16.1197
            }
        },
        {
            "domain": "ct",
            "tag": "nextbike-tuzla",
            "city_uid": 427,
            "meta": {
                "city": "Tuzla",
                "country": "BA",
                "latitude": 44.5392,
                "longitude": 18.675
            }
        },
        {
            "domain": "nw",
            "tag": "nextbike-panama",
            "city_uid": 428,
            "meta": {
                "city": "Panama",
                "country": "IN",
                "latitude": 8.95284,
                "longitude": -79.5369
            }
        },
        {
            "domain": "cv",
            "tag": "porec-bike-share-porec",
            "city_uid": 429,
            "meta": {
                "name": "Porec bike share",
                "city": "Poreč",
                "country": "HR",
                "latitude": 45.2292,
                "longitude": 13.6035
            }
        },
        {
            "domain": "as",
            "tag": "arriva-nitra",
            "city_uid": 430,
            "meta": {
                "name": "Arriva",
                "city": "Nitra",
                "country": "SK",
                "latitude": 48.3088,
                "longitude": 18.0783
            }
        },
        {
            "domain": "pk",
            "tag": "kaliski-rower-miejski-kalisz",
            "city_uid": 431,
            "meta": {
                "name": "Kaliski Rower Miejski",
                "city": "Kalisz",
                "country": "PL",
                "latitude": 51.7608,
                "longitude": 18.0746
            }
        },
        {
            "domain": "de",
            "tag": "nextbike-marburg",
            "city_uid": 438,
            "meta": {
                "city": "Marburg",
                "country": "DE",
                "latitude": 50.8019,
                "longitude": 8.76444
            }
        },
        {
            "domain": "mb",
            "tag": "bubi",
            "city_uid": 228,
            "meta": {
                "latitude": 47.497912,
                "longitude": 19.040235,
                "city": "Budapest",
                "name": "MOL Bubi",
                "country": "HU"
            }
        },
        {
            "domain": "de",
            "tag": "nextbike-russelsheim-am-main",
            "city_uid": 439,
            "meta": {
                "city": "Rüsselsheim am Main",
                "country": "DE",
                "latitude": 49.9881,
                "longitude": 8.42142
            }
        },
        {
            "domain": "or",
            "tag": "pruszkowski-rower-miejski-pruszkow",
            "city_uid": 442,
            "meta": {
                "name": "Pruszkowski Rower Miejski",
                "city": "Pruszków",
                "country": "PL",
                "latitude": 52.1637,
                "longitude": 20.8018
            }
        },
        {
            "domain": "rm",
            "tag": "rower-miejski-szamotuly-rms-szamotuly",
            "city_uid": 446,
            "meta": {
                "name": "Rower Miejski Szamotuły",
                "city": "Szamotuły",
                "country": "PL",
                "latitude": 52.6112,
                "longitude": 16.5819
            }
        },
        {
            "domain": "nd",
            "tag": "nextbike-dordrecht",
            "city_uid": 447,
            "meta": {
                "city": "Dordrecht",
                "country": "NL",
                "latitude": 51.7833,
                "longitude": 4.69391
            }
        },
        {
            "domain": "vn",
            "tag": "vrn-heppenheim",
            "city_uid": 448,
            "meta": {
                "name": "VRN",
                "city": "Heppenheim",
                "country": "DE",
                "latitude": 49.6431,
                "longitude": 8.63889
            }
        },
        {
            "domain": "jp",
            "tag": "czestochowski-rower-miejski-czestochowa",
            "city_uid": 450,
            "meta": {
                "name": "Częstochowski Rower Miejski",
                "city": "Częstochowa",
                "country": "PL",
                "latitude": 50.812,
                "longitude": 19.1375
            }
        },
        {
            "domain": "po",
            "tag": "rower-miejski-w-ostrowie-wielkopolskim-ostrow-wielkopolski",
            "city_uid": 452,
            "meta": {
                "name": "Rower Miejski w Ostrowie Wielkopolskim",
                "city": "Ostrów Wielkopolski",
                "country": "PL",
                "latitude": 51.65,
                "longitude": 17.8253
            }
        },
        {
            "domain": "nj",
            "tag": "jerseybike-bayonne",
            "city_uid": 455,
            "meta": {
                "name": "JerseyBike",
                "city": "Bayonne",
                "country": "US",
                "latitude": 40.6668,
                "longitude": -74.1154
            }
        },
        {
            "domain": "nj",
            "tag": "jerseybike-guttenberg",
            "city_uid": 456,
            "meta": {
                "name": "JerseyBike",
                "city": "Guttenberg",
                "country": "US",
                "latitude": 40.792,
                "longitude": -74.0035
            }
        },
        {
            "domain": "nj",
            "tag": "jerseybike-west-new-york",
            "city_uid": 458,
            "meta": {
                "name": "JerseyBike",
                "city": "West New York",
                "country": "US",
                "latitude": 40.7882,
                "longitude": -74.0142
            }
        },
        {
            "domain": "du",
            "tag": "dundee-navigogo-dundee",
            "city_uid": 459,
            "meta": {
                "name": "Dundee-Navigogo",
                "city": "Dundee",
                "country": "GB",
                "latitude": 56.4623,
                "longitude": -2.97071
            }
        },
        {
            "domain": "pi",
            "tag": "piaseczynski-rower-miejski-piaseczno",
            "city_uid": 461,
            "meta": {
                "name": "Piaseczyński Rower Miejski",
                "city": "Piaseczno",
                "country": "PL",
                "latitude": 52.0733,
                "longitude": 21.0269
            }
        },
        {
            "domain": "dk",
            "tag": "nextbike-kassel",
            "city_uid": 462,
            "meta": {
                "city": "Kassel",
                "country": "DE",
                "latitude": 51.3127,
                "longitude": 9.47975
            }
        },
        {
            "domain": "ch",
            "tag": "nextbike-sarnen",
            "city_uid": 463,
            "meta": {
                "city": "Sarnen",
                "country": "CH",
                "latitude": 46.8963,
                "longitude": 8.24614
            }
        },
        {
            "domain": "ch",
            "tag": "nextbike-wolfenschiessen",
            "city_uid": 464,
            "meta": {
                "city": "Wolfenschiessen",
                "country": "CH",
                "latitude": 46.9079,
                "longitude": 8.39767
            }
        },
        {
            "domain": "ch",
            "tag": "nextbike-oberdorf",
            "city_uid": 465,
            "meta": {
                "city": "Oberdorf",
                "country": "CH",
                "latitude": 46.9563,
                "longitude": 8.3884
            }
        },
        {
            "domain": "nj",
            "tag": "jerseybike-north-bergen",
            "city_uid": 466,
            "meta": {
                "name": "JerseyBike",
                "city": "North Bergen",
                "country": "US",
                "latitude": 40.8045,
                "longitude": -74.0135
            }
        },
        {
            "domain": "ng",
            "tag": "nextbike-giessen",
            "city_uid": 467,
            "meta": {
                "city": "Gießen",
                "country": "DE",
                "latitude": 50.5943,
                "longitude": 8.68097
            }
        },
        {
            "domain": "vn",
            "tag": "vrn-weinheim",
            "city_uid": 469,
            "meta": {
                "name": "VRN",
                "city": "Weinheim",
                "country": "DE",
                "latitude": 49.545,
                "longitude": 8.66027
            }
        },
        {
            "domain": "bp",
            "tag": "biker-bialystok-orlen-bialystok",
            "city_uid": 470,
            "meta": {
                "name": "BIKER Białystok - Orlen",
                "city": "Białystok",
                "country": "PL",
                "latitude": 53.1342,
                "longitude": 23.1485
            }
        },
        {
            "domain": "ln",
            "tag": "lrm-lublin-orlen-lublin",
            "city_uid": 471,
            "meta": {
                "name": "LRM Lublin - Orlen",
                "city": "Lublin",
                "country": "PL",
                "latitude": 51.2469,
                "longitude": 22.5697
            }
        },
        {
            "domain": "pl",
            "tag": "wrm-orlen-wroclaw",
            "city_uid": 472,
            "meta": {
                "name": "WRM - Orlen",
                "city": "Wrocław",
                "country": "PL",
                "latitude": 51.1097,
                "longitude": 17.0485
            }
        },
        {
            "domain": "lp",
            "tag": "lodzki-rower-publiczny-orlen-lodz",
            "city_uid": 473,
            "meta": {
                "name": "Łódzki Rower Publiczny - Orlen",
                "city": "Łódź",
                "country": "PL",
                "latitude": 51.7689,
                "longitude": 19.4554
            }
        },
        {
            "domain": "kw",
            "tag": "katowice-bike-orlen-katowice",
            "city_uid": 474,
            "meta": {
                "name": "Katowice Bike - Orlen",
                "city": "Katowice",
                "country": "PL",
                "latitude": 50.2594,
                "longitude": 19.0215
            }
        },
        {
            "domain": "vp",
            "tag": "veturilo-orlen-warszawa",
            "city_uid": 475,
            "meta": {
                "name": "VETURILO - Orlen",
                "city": "Warszawa",
                "country": "PL",
                "latitude": 52.2265,
                "longitude": 21.0127
            }
        },
        {
            "domain": "uc",
            "tag": "nextbike-cardiff",
            "city_uid": 476,
            "meta": {
                "city": "Cardiff",
                "country": "GB",
                "latitude": 51.4848,
                "longitude": -3.19062
            }
        },
        {
            "domain": "vn",
            "tag": "vrn-hockenheim",
            "city_uid": 477,
            "meta": {
                "name": "VRN",
                "city": "Hockenheim",
                "country": "DE",
                "latitude": 49.3227,
                "longitude": 8.54258
            }
        },
        {
            "domain": "vn",
            "tag": "vrn-schwetzingen",
            "city_uid": 480,
            "meta": {
                "name": "VRN",
                "city": "Schwetzingen",
                "country": "DE",
                "latitude": 49.3863,
                "longitude": 8.5756
            }
        },
        {
            "domain": "ch",
            "tag": "nextbike-ennetmoos",
            "city_uid": 483,
            "meta": {
                "city": "Ennetmoos",
                "country": "CH",
                "latitude": 46.9573,
                "longitude": 8.3377
            }
        },
        {
            "domain": "vn",
            "tag": "vrn-eppelheim",
            "city_uid": 484,
            "meta": {
                "name": "VRN",
                "city": "Eppelheim",
                "country": "DE",
                "latitude": 49.4025,
                "longitude": 8.6331
            }
        },
        {
            "domain": "su",
            "tag": "nextbike-university-of-surrey",
            "city_uid": 485,
            "meta": {
                "city": "Surrey",
                "country": "GB",
                "latitude": 51.2422,
                "longitude": -0.590594
            }
        },
        {
            "domain": "uu",
            "tag": "santander-cycles-swansea-swansea-university",
            "city_uid": 486,
            "meta": {
                "name": "Santander Cycles",
                "city": "Swansea",
                "country": "GB",
                "latitude": 51.6106,
                "longitude": -3.9764
            }
        },
        {
            "domain": "ch",
            "tag": "nextbike-kussnacht-sz",
            "city_uid": 490,
            "meta": {
                "city": "Küssnacht SZ",
                "country": "CH",
                "latitude": 47.0856,
                "longitude": 8.44145
            }
        },
        {
            "domain": "ef",
            "tag": "nextbike-erfurt",
            "city_uid": 493,
            "meta": {
                "city": "Erfurt",
                "country": "DE",
                "latitude": 50.9785,
                "longitude": 11.0334
            }
        },
        {
            "domain": "bj",
            "tag": "bl-bike-banja-luka",
            "city_uid": 494,
            "meta": {
                "name": "BL bike",
                "city": "Banja Luka",
                "country": "BA",
                "latitude": 44.775,
                "longitude": 17.1994
            }
        },
        {
            "domain": "ps",
            "tag": "koszalinski-rower-miejski-koszalin",
            "city_uid": 496,
            "meta": {
                "name": "Koszaliński Rower Miejski",
                "city": "Koszalin",
                "country": "PL",
                "latitude": 54.2026,
                "longitude": 16.1678
            }
        },
        {
            "domain": "pr",
            "tag": "sosnowiecki-rower-miejski-sosnowiec",
            "city_uid": 497,
            "meta": {
                "name": "Sosnowiecki Rower Miejski",
                "city": "Sosnowiec",
                "country": "PL",
                "latitude": 50.2823,
                "longitude": 19.1269
            }
        },
        {
            "domain": "pz",
            "tag": "zabrzanski-rower-miejski-zabrze",
            "city_uid": 498,
            "meta": {
                "name": "Zabrzański Rower Miejski",
                "city": "Zabrze",
                "country": "PL",
                "latitude": 50.3066,
                "longitude": 18.7864
            }
        },
        {
            "domain": "nj",
            "tag": "jerseybike-liberty-state-park",
            "city_uid": 502,
            "meta": {
                "name": "JerseyBike",
                "city": "Liberty State Park",
                "country": "US",
                "latitude": 40.7051,
                "longitude": -74.052
            }
        },
        {
            "domain": "bi",
            "tag": "chartered-bike-bhopal-tata-motors",
            "city_uid": 503,
            "meta": {
                "name": "Chartered Bike",
                "city": "Bhopal",
                "country": "IN",
                "latitude": 18.6556,
                "longitude": 73.813
            }
        },
        {
            "domain": "pu",
            "tag": "pobiedziski-rower-gminny-pobiedziska",
            "city_uid": 504,
            "meta": {
                "name": "Pobiedziski Rower Gminny",
                "city": "Pobiedziska",
                "country": "PL",
                "latitude": 52.4765,
                "longitude": 17.2866
            }
        },
        {
            "domain": "lr",
            "tag": "lahr-pedelecs-lahr",
            "city_uid": 505,
            "meta": {
                "city": "Lahr",
                "country": "DE",
                "latitude": 48.3396,
                "longitude": 7.87376
            }
        },
        {
            "domain": "cb",
            "tag": "berlin-buch-campus-berlin-buch",
            "city_uid": 508,
            "meta": {
                "name": "Berlin-Buch Campus",
                "city": "Berlin",
                "country": "DE",
                "latitude": 52.6364,
                "longitude": 13.5029
            }
        },
        {
            "domain": "pj",
            "tag": "nextbike-jastrzebie-zdroj",
            "city_uid": 509,
            "meta": {
                "name": "System Rowerów Miejskich Jastrzębie Zdrój",
                "city": "Jastrzębie-Zdrój",
                "country": "PL",
                "latitude": 49.9497,
                "longitude": 18.599
            }
        },
        {
            "domain": "in",
            "tag": "smartbike-delhi-delhi",
            "city_uid": 511,
            "meta": {
                "name": "Smartbike Delhi",
                "city": "Delhi",
                "country": "IN",
                "latitude": 28.6228,
                "longitude": 77.2084
            }
        },
        {
            "domain": "np",
            "tag": "nextbike-swietochlowice",
            "city_uid": 516,
            "meta": {
                "city": "Świętochłowice",
                "country": "PL",
                "latitude": 50.2956,
                "longitude": 18.9165
            }
        },
        {
            "domain": "dp",
            "tag": "piotrkowski-rower-miejski-piotrkow-trybunalski",
            "city_uid": 518,
            "meta": {
                "name": "Piotrkowski Rower Miejski",
                "city": "Piotrków Trybunalski",
                "country": "PL",
                "latitude": 51.3992,
                "longitude": 19.6971
            }
        },
        {
            "domain": "sc",
            "tag": "siemianowicki-rower-miejski-siemianowice-slaskie",
            "city_uid": 519,
            "meta": {
                "name": "Siemianowicki Rower Miejski",
                "city": "Siemianowice Śląskie",
                "country": "PL",
                "latitude": 50.3031,
                "longitude": 19.0222
            }
        },
        {
            "domain": "de",
            "tag": "nextbike-turin",
            "city_uid": 520,
            "meta": {
                "city": "Turin",
                "country": "DE",
                "latitude": 45.0674,
                "longitude": 7.66631
            }
        },
        {
            "domain": "ep",
            "tag": "plocki-rower-miejski-prm-plock",
            "city_uid": 521,
            "meta": {
                "name": "Płocki Rower Miejski",
                "city": "Płock",
                "country": "PL",
                "latitude": 52.5421,
                "longitude": 19.7081
            }
        },
        {
            "domain": "pd",
            "tag": "ciechanowski-rower-miejski-ciechanow",
            "city_uid": 523,
            "meta": {
                "name": "Ciechanowski Rower Miejski",
                "city": "Ciechanów",
                "country": "PL",
                "latitude": 52.8763,
                "longitude": 20.6102
            }
        },
        {
            "domain": "nu",
            "tag": "lviv-odessa",
            "city_uid": 525,
            "meta": {
                "city": "Odessa",
                "country": "UA",
                "latitude": 46.463,
                "longitude": 30.7042
            }
        },
        {
            "domain": "os",
            "tag": "otwocki-rower-miejski-otwock",
            "city_uid": 527,
            "meta": {
                "name": "Otwocki Rower Miejski",
                "city": "Otwock",
                "country": "PL",
                "latitude": 52.1083,
                "longitude": 21.2661
            }
        },
        {
            "domain": "py",
            "tag": "tychowski-rower-miejski-tychowo",
            "city_uid": 528,
            "meta": {
                "name": "Tychowski Rower Miejski",
                "city": "Tychowo",
                "country": "PL",
                "latitude": 53.9395,
                "longitude": 16.2306
            }
        },
        {
            "domain": "pm",
            "tag": "zielonogorski-rower-miejski-zielona-gora",
            "city_uid": 529,
            "meta": {
                "name": "Zielonogórski Rower Miejski",
                "city": "Zielona Góra",
                "country": "PL",
                "latitude": 51.9381,
                "longitude": 15.5048
            }
        },
        {
            "domain": "sn",
            "tag": "santander-monchengladbach",
            "city_uid": 530,
            "meta": {
                "name": "Santander Mönchengladbach",
                "city": "Mönchengladbach",
                "country": "DE",
                "latitude": 51.1817,
                "longitude": 6.43578
            }
        },
        {
            "domain": "cn",
            "tag": "nomagobikes-celje",
            "city_uid": 531,
            "meta": {
                "name": "NomagoBikes",
                "city": "Celje",
                "country": "SI",
                "latitude": 46.2388,
                "longitude": 15.2693
            }
        },
        {
            "domain": "bo",
            "tag": "bilbon-bizi",
            "city_uid": 532,
            "meta": {
                "name": "BilbonBizi",
                "city": "Bilbao",
                "country": "ES",
                "latitude": 43.2752,
                "longitude": -2.93528
            }
        },
        {
            "domain": "py",
            "tag": "tychowski-rower-miejski-atrakcje-turystyczne-tychowo",
            "city_uid": 534,
            "meta": {
                "name": "Atrakcje turystyczne Tychowo",
                "city": "Tychowo",
                "country": "PL",
                "latitude": 53.9294,
                "longitude": 16.2467
            }
        },
        {
            "domain": "cn",
            "tag": "nomagobikes-lasko",
            "city_uid": 535,
            "meta": {
                "name": "NomagoBikes",
                "city": "Laško",
                "country": "SI",
                "latitude": 46.1458,
                "longitude": 15.2312
            }
        },
        {
            "domain": "li",
            "tag": "nextbike-lippstadt",
            "city_uid": 536,
            "meta": {
                "city": "Lippstadt",
                "country": "DE",
                "latitude": 51.6755,
                "longitude": 8.34394
            }
        },
        {
            "domain": "ak",
            "tag": "bikekia-zilina",
            "city_uid": 538,
            "meta": {
                "name": "BikeKia",
                "city": "Žilina",
                "country": "SK",
                "latitude": 49.2217,
                "longitude": 18.7572
            }
        },
        {
            "domain": "pn",
            "tag": "koninski-rower-miejski-konin",
            "city_uid": 545,
            "meta": {
                "name": "Koniński Rower Miejski",
                "city": "Konin",
                "country": "PL",
                "latitude": 52.2284,
                "longitude": 18.2553
            }
        },
        {
            "domain": "uv",
            "tag": "nextbike-vinnytsia",
            "city_uid": 546,
            "meta": {
                "city": "Vinnytsia",
                "country": "UA",
                "latitude": 49.2328,
                "longitude": 28.4625
            }
        },
        {
            "domain": "bf",
            "tag": "nextbike-bonn",
            "city_uid": 547,
            "meta": {
                "city": "Bonn",
                "country": "DE",
                "latitude": 50.7367,
                "longitude": 7.09541
            }
        },
        {
            "domain": "tn",
            "tag": "tarnowski-rower-miejski-tarnow",
            "city_uid": 548,
            "meta": {
                "name": "Tarnowski Rower Miejski",
                "city": "Tarnów",
                "country": "PL",
                "latitude": 50.0113,
                "longitude": 20.9728
            }
        },
        {
            "domain": "mk",
            "tag": "kolo-marek-marki",
            "city_uid": 550,
            "meta": {
                "name": "Koło Marek",
                "city": "Marki",
                "country": "PL",
                "latitude": 52.3256,
                "longitude": 21.1089
            }
        },
        {
            "domain": "zy",
            "tag": "zyrardowski-rower-miejski-zyrardow",
            "city_uid": 551,
            "meta": {
                "name": "Żyrardowski Rower Miejski",
                "city": "Żyrardów",
                "country": "PL",
                "latitude": 52.0503,
                "longitude": 20.4464
            }
        },
        {
            "domain": "pv",
            "tag": "kajteroz-chorzowski-rower-miejski-chorzow",
            "city_uid": 557,
            "meta": {
                "name": "Kajteroz - Chorzowski Rower Miejski",
                "city": "Chorzów",
                "country": "PL",
                "latitude": 50.2969,
                "longitude": 18.9551
            }
        },
        {
            "domain": "pw",
            "tag": "rowerowe-lodzkie-rl-koluszki",
            "city_uid": 562,
            "meta": {
                "name": "Rowerowe Łódzkie",
                "city": "Koluszki",
                "country": "PL",
                "latitude": 51.7401,
                "longitude": 19.835
            }
        },
        {
            "domain": "pw",
            "tag": "rowerowe-lodzkie-rl-lask",
            "city_uid": 563,
            "meta": {
                "name": "Rowerowe Łódzkie",
                "city": "Łask",
                "country": "PL",
                "latitude": 51.5893,
                "longitude": 19.142
            }
        },
        {
            "domain": "pw",
            "tag": "rowerowe-lodzkie-rl-lowicz",
            "city_uid": 564,
            "meta": {
                "name": "Rowerowe Łódzkie",
                "city": "Łowicz",
                "country": "PL",
                "latitude": 52.1057,
                "longitude": 19.9381
            }
        },
        {
            "domain": "pw",
            "tag": "rowerowe-lodzkie-rl-pabianice",
            "city_uid": 565,
            "meta": {
                "name": "Rowerowe Łódzkie",
                "city": "Pabianice",
                "country": "PL",
                "latitude": 51.6651,
                "longitude": 19.3548
            }
        },
        {
            "domain": "pw",
            "tag": "rowerowe-lodzkie-rl-sieradz",
            "city_uid": 566,
            "meta": {
                "name": "Rowerowe Łódzkie",
                "city": "Sieradz",
                "country": "PL",
                "latitude": 51.5902,
                "longitude": 18.7382
            }
        },
        {
            "domain": "pw",
            "tag": "rowerowe-lodzkie-rl-skierniewice",
            "city_uid": 567,
            "meta": {
                "name": "Rowerowe Łódzkie",
                "city": "Skierniewice",
                "country": "PL",
                "latitude": 51.9539,
                "longitude": 20.1469
            }
        },
        {
            "domain": "pw",
            "tag": "rowerowe-lodzkie-rl-zdunska-wola",
            "city_uid": 568,
            "meta": {
                "name": "Rowerowe Łódzkie",
                "city": "Zduńska Wola",
                "country": "PL",
                "latitude": 51.6011,
                "longitude": 18.938
            }
        },
        {
            "domain": "pw",
            "tag": "rowerowe-lodzkie-rl-zgierz",
            "city_uid": 569,
            "meta": {
                "name": "Rowerowe Łódzkie",
                "city": "Zgierz",
                "country": "PL",
                "latitude": 51.8551,
                "longitude": 19.4068
            }
        },
        {
            "domain": "pw",
            "tag": "rowerowe-lodzkie-rl-kutno",
            "city_uid": 570,
            "meta": {
                "name": "Rowerowe Łódzkie",
                "city": "Kutno",
                "country": "PL",
                "latitude": 52.2317,
                "longitude": 19.3564
            }
        },
        {
            "domain": "pw",
            "tag": "rowerowe-lodzkie-rl-lodz-rl",
            "city_uid": 571,
            "meta": {
                "name": "Rowerowe Łódzkie",
                "city": "Łódź",
                "country": "PL",
                "latitude": 51.7674,
                "longitude": 19.4575
            }
        },
        {
            "domain": "nu",
            "tag": "nextbike-odesa",
            "city_uid": 572,
            "meta": {
                "city": "Odesa",
                "country": "UA",
                "latitude": 46.4672,
                "longitude": 30.7164
            }
        },
        {
            "domain": "le",
            "tag": "nextbike-alvsjo",
            "city_uid": 576,
            "meta": {
                "city": "Älvsjö",
                "country": "DE",
                "latitude": 59.2745,
                "longitude": 18.005
            }
        },
        {
            "domain": "de",
            "tag": "nextbike-wittenberge",
            "city_uid": 591,
            "meta": {
                "city": "Wittenberge",
                "country": "DE",
                "latitude": 52.9952,
                "longitude": 11.7517
            }
        },
        {
            "domain": "df",
            "tag": "frelo-freiburg",
            "city_uid": 619,
            "meta": {
                "name": "Frelo",
                "city": "Freiburg",
                "country": "DE",
                "latitude": 47.9958,
                "longitude": 7.84453
            }
        }
    ],
    "system": "nextbike",
    "class": "Nextbike"
}
